consensus,rounds
1.989999,4022
1.989999,4220
1.989998,4109
1.990000,4614
1.990001,4131
1.990000,3900
1.989999,3855
1.990001,3848
1.990003,4217
1.990003,4389
