consensus,rounds
2.010204,12059
2.010203,9920
2.010204,12085
2.010204,11133
2.010204,11491
2.010204,12033
2.010204,12799
2.010204,10486
2.010204,12303
2.010204,10900
